#timestamp [ns],filename
1764757961901789696,01764757961901789696.png
1764757961967988224,01764757961967988224.png
1764757962031977216,01764757962031977216.png
1764757962095991808,01764757962095991808.png
1764757962158260224,01764757962158260224.png
1764757962220963840,01764757962220963840.png
1764757962283965952,01764757962283965952.png
1764757962346259968,01764757962346259968.png
1764757962408030720,01764757962408030720.png
1764757962470160384,01764757962470160384.png
1764757962531691008,01764757962531691008.png
1764757962593886720,01764757962593886720.png
1764757962656103168,01764757962656103168.png
1764757962718003968,01764757962718003968.png
1764757962780406016,01764757962780406016.png
1764757962842244096,01764757962842244096.png
1764757962903851264,01764757962903851264.png
1764757962966308864,01764757962966308864.png
1764757963029434112,01764757963029434112.png
1764757963091142400,01764757963091142400.png
1764757963153284096,01764757963153284096.png
1764757963215151360,01764757963215151360.png
1764757963276809728,01764757963276809728.png
1764757963338777344,01764757963338777344.png
1764757963400754688,01764757963400754688.png
1764757963462727936,01764757963462727936.png
1764757963524537600,01764757963524537600.png
1764757963587243008,01764757963587243008.png
1764757963649634816,01764757963649634816.png
1764757963712137216,01764757963712137216.png
1764757963775484416,01764757963775484416.png
1764757963838973696,01764757963838973696.png
1764757963901477632,01764757963901477632.png
1764757963963934720,01764757963963934720.png
1764757964025669632,01764757964025669632.png
1764757964089229312,01764757964089229312.png
1764757964152030720,01764757964152030720.png
1764757964216066816,01764757964216066816.png
1764757964279880192,01764757964279880192.png
1764757964344146176,01764757964344146176.png
1764757964409061376,01764757964409061376.png
1764757964472940288,01764757964472940288.png
1764757964538000640,01764757964538000640.png
1764757964602785536,01764757964602785536.png
1764757964666939136,01764757964666939136.png
1764757964732701184,01764757964732701184.png
1764757964797558528,01764757964797558528.png
1764757964862505472,01764757964862505472.png
1764757964927582720,01764757964927582720.png
1764757964992902144,01764757964992902144.png
1764757965061362176,01764757965061362176.png
1764757965129091328,01764757965129091328.png
1764757965203636736,01764757965203636736.png
1764757965268255744,01764757965268255744.png
1764757965332777728,01764757965332777728.png
1764757965395087616,01764757965395087616.png
1764757965457342720,01764757965457342720.png
1764757965519458560,01764757965519458560.png
1764757965581409536,01764757965581409536.png
1764757965643493376,01764757965643493376.png
1764757965706555392,01764757965706555392.png
1764757965768508416,01764757965768508416.png
1764757965831314176,01764757965831314176.png
1764757965894065408,01764757965894065408.png
1764757965956045056,01764757965956045056.png
1764757966017912832,01764757966017912832.png
1764757966080487168,01764757966080487168.png
1764757966142635264,01764757966142635264.png
1764757966204843776,01764757966204843776.png
1764757966267173888,01764757966267173888.png
1764757966331303936,01764757966331303936.png
1764757966394846976,01764757966394846976.png
1764757966459365376,01764757966459365376.png
1764757966523608320,01764757966523608320.png
1764757966587263232,01764757966587263232.png
1764757966650309120,01764757966650309120.png
1764757966712949504,01764757966712949504.png
1764757966777815296,01764757966777815296.png
1764757966839430400,01764757966839430400.png
1764757966901494272,01764757966901494272.png
1764757966961976576,01764757966961976576.png
1764757967023083264,01764757967023083264.png
1764757967084241920,01764757967084241920.png
1764757967146201088,01764757967146201088.png
1764757967208798720,01764757967208798720.png
1764757967271610624,01764757967271610624.png
1764757967333486336,01764757967333486336.png
1764757967395644416,01764757967395644416.png
1764757967459111424,01764757967459111424.png
1764757967522828544,01764757967522828544.png
1764757967586523904,01764757967586523904.png
1764757967649595136,01764757967649595136.png
1764757967711316480,01764757967711316480.png
1764757967773243136,01764757967773243136.png
1764757967835974400,01764757967835974400.png
1764757967898375424,01764757967898375424.png
1764757967961063168,01764757967961063168.png
1764757968023923200,01764757968023923200.png
1764757968087085056,01764757968087085056.png
1764757968150512896,01764757968150512896.png
1764757968213183744,01764757968213183744.png
1764757968275588096,01764757968275588096.png
1764757968339566848,01764757968339566848.png
1764757968402100736,01764757968402100736.png
1764757968465739264,01764757968465739264.png
1764757968529157888,01764757968529157888.png
1764757968591894528,01764757968591894528.png
1764757968655964160,01764757968655964160.png
1764757968719494400,01764757968719494400.png
1764757968782511616,01764757968782511616.png
1764757968846790400,01764757968846790400.png
1764757968911184384,01764757968911184384.png
1764757968977698304,01764757968977698304.png
1764757969040665600,01764757969040665600.png
1764757969104919040,01764757969104919040.png
1764757969169096960,01764757969169096960.png
1764757969231817728,01764757969231817728.png
1764757969295126016,01764757969295126016.png
1764757969359035904,01764757969359035904.png
1764757969421425664,01764757969421425664.png
1764757969484276992,01764757969484276992.png
1764757969547848448,01764757969547848448.png
1764757969610860544,01764757969610860544.png
1764757969673334528,01764757969673334528.png
1764757969735556352,01764757969735556352.png
1764757969798338560,01764757969798338560.png
1764757969861618944,01764757969861618944.png
1764757969925568512,01764757969925568512.png
1764757969988731648,01764757969988731648.png
1764757970052458752,01764757970052458752.png
1764757970117025280,01764757970117025280.png
1764757970189500416,01764757970189500416.png
1764757970254420480,01764757970254420480.png
1764757970320280832,01764757970320280832.png
1764757970385784832,01764757970385784832.png
1764757970449040128,01764757970449040128.png
1764757970511377920,01764757970511377920.png
1764757970574510080,01764757970574510080.png
1764757970637228032,01764757970637228032.png
1764757970700014080,01764757970700014080.png
1764757970765206528,01764757970765206528.png
1764757970830269952,01764757970830269952.png
1764757970894385152,01764757970894385152.png
1764757970958954752,01764757970958954752.png
1764757971025731072,01764757971025731072.png
1764757971090148096,01764757971090148096.png
1764757971155486208,01764757971155486208.png
1764757971220116736,01764757971220116736.png
1764757971284651008,01764757971284651008.png
1764757971349959424,01764757971349959424.png
1764757971414178816,01764757971414178816.png
1764757971478904576,01764757971478904576.png
1764757971544161280,01764757971544161280.png
1764757971608809216,01764757971608809216.png
1764757971673242112,01764757971673242112.png
1764757971738246400,01764757971738246400.png
1764757971803332864,01764757971803332864.png
1764757971866878464,01764757971866878464.png
1764757971930080768,01764757971930080768.png
1764757971993756928,01764757971993756928.png
1764757972057393152,01764757972057393152.png
1764757972121280000,01764757972121280000.png
1764757972185040384,01764757972185040384.png
1764757972248276480,01764757972248276480.png
1764757972311167232,01764757972311167232.png
1764757972373643264,01764757972373643264.png
1764757972436987648,01764757972436987648.png
1764757972503280384,01764757972503280384.png
1764757972568516608,01764757972568516608.png
1764757972634201088,01764757972634201088.png
1764757972699332864,01764757972699332864.png
1764757972764336640,01764757972764336640.png
1764757972829561344,01764757972829561344.png
1764757972894249984,01764757972894249984.png
1764757972960903168,01764757972960903168.png
1764757973026820096,01764757973026820096.png
1764757973094423808,01764757973094423808.png
1764757973160642816,01764757973160642816.png
1764757973226821888,01764757973226821888.png
1764757973292540160,01764757973292540160.png
1764757973357543168,01764757973357543168.png
1764757973420559104,01764757973420559104.png
1764757973484660480,01764757973484660480.png
1764757973547042304,01764757973547042304.png
1764757973609633280,01764757973609633280.png
1764757973673137664,01764757973673137664.png
1764757973735276800,01764757973735276800.png
1764757973797492992,01764757973797492992.png
1764757973859172864,01764757973859172864.png
1764757973920496640,01764757973920496640.png
1764757973981816064,01764757973981816064.png
1764757974042765568,01764757974042765568.png
1764757974104795136,01764757974104795136.png
1764757974167437312,01764757974167437312.png
1764757974233187328,01764757974233187328.png
1764757974295792384,01764757974295792384.png
1764757974357848576,01764757974357848576.png
1764757974420781312,01764757974420781312.png
1764757974484200448,01764757974484200448.png
1764757974546907136,01764757974546907136.png
1764757974608863488,01764757974608863488.png
1764757974670635008,01764757974670635008.png
1764757974731880192,01764757974731880192.png
1764757974793409024,01764757974793409024.png
1764757974854762240,01764757974854762240.png
1764757974916908544,01764757974916908544.png
1764757974979428608,01764757974979428608.png
1764757975041813504,01764757975041813504.png
1764757975103872512,01764757975103872512.png
1764757975167629056,01764757975167629056.png
1764757975238257152,01764757975238257152.png
1764757975301097472,01764757975301097472.png
1764757975363048448,01764757975363048448.png
1764757975424641280,01764757975424641280.png
1764757975486608896,01764757975486608896.png
1764757975549782784,01764757975549782784.png
1764757975613043200,01764757975613043200.png
1764757975678503168,01764757975678503168.png
1764757975743128064,01764757975743128064.png
1764757975806416128,01764757975806416128.png
1764757975871001856,01764757975871001856.png
1764757975934045440,01764757975934045440.png
1764757975998605312,01764757975998605312.png
1764757976062194432,01764757976062194432.png
1764757976124199424,01764757976124199424.png
1764757976186820608,01764757976186820608.png
1764757976248727296,01764757976248727296.png
1764757976310395392,01764757976310395392.png
1764757976372875264,01764757976372875264.png
1764757976435954176,01764757976435954176.png
1764757976497729024,01764757976497729024.png
1764757976559280896,01764757976559280896.png
1764757976621216512,01764757976621216512.png
1764757976683641600,01764757976683641600.png
1764757976747054336,01764757976747054336.png
1764757976811082752,01764757976811082752.png
1764757976875102976,01764757976875102976.png
1764757976939186944,01764757976939186944.png
1764757977003257600,01764757977003257600.png
1764757977067115520,01764757977067115520.png
1764757977130483712,01764757977130483712.png
1764757977194326784,01764757977194326784.png
1764757977258082048,01764757977258082048.png
1764757977323322112,01764757977323322112.png
1764757977388380672,01764757977388380672.png
1764757977453287680,01764757977453287680.png
1764757977517732096,01764757977517732096.png
1764757977582528000,01764757977582528000.png
1764757977648029696,01764757977648029696.png
1764757977712859904,01764757977712859904.png
1764757977777717248,01764757977777717248.png
1764757977840747776,01764757977840747776.png
1764757977903871744,01764757977903871744.png
1764757977966259200,01764757977966259200.png
1764757978028247296,01764757978028247296.png
1764757978090354688,01764757978090354688.png
1764757978153478656,01764757978153478656.png
1764757978214774016,01764757978214774016.png
1764757978277576192,01764757978277576192.png
1764757978340586752,01764757978340586752.png
1764757978403756288,01764757978403756288.png
1764757978465978624,01764757978465978624.png
1764757978527644416,01764757978527644416.png
1764757978589123072,01764757978589123072.png
1764757978650789888,01764757978650789888.png
1764757978713072384,01764757978713072384.png
1764757978775702528,01764757978775702528.png
1764757978837389824,01764757978837389824.png
1764757978900586752,01764757978900586752.png
1764757978963518464,01764757978963518464.png
1764757979025631744,01764757979025631744.png
1764757979088788736,01764757979088788736.png
1764757979151715072,01764757979151715072.png
1764757979213517824,01764757979213517824.png
1764757979274874624,01764757979274874624.png
1764757979338008832,01764757979338008832.png
1764757979398714880,01764757979398714880.png
1764757979459935744,01764757979459935744.png
1764757979521900032,01764757979521900032.png
1764757979584280064,01764757979584280064.png
1764757979649346816,01764757979649346816.png
1764757979711919872,01764757979711919872.png
1764757979773170432,01764757979773170432.png
1764757979834467584,01764757979834467584.png
1764757979897422848,01764757979897422848.png
1764757979958966016,01764757979958966016.png
1764757980021003264,01764757980021003264.png
1764757980082616576,01764757980082616576.png
1764757980144038912,01764757980144038912.png
1764757980206113792,01764757980206113792.png
1764757980268396544,01764757980268396544.png
1764757980331749120,01764757980331749120.png
1764757980394077696,01764757980394077696.png
1764757980456982016,01764757980456982016.png
1764757980520684288,01764757980520684288.png
1764757980584882944,01764757980584882944.png
1764757980647625984,01764757980647625984.png
1764757980710508288,01764757980710508288.png
1764757980773308416,01764757980773308416.png
1764757980836173824,01764757980836173824.png
1764757980899432960,01764757980899432960.png
1764757980962609920,01764757980962609920.png
1764757981026897408,01764757981026897408.png
1764757981090938368,01764757981090938368.png
1764757981154267648,01764757981154267648.png
1764757981218426112,01764757981218426112.png
1764757981281974784,01764757981281974784.png
1764757981345726976,01764757981345726976.png
1764757981410820608,01764757981410820608.png
1764757981474923008,01764757981474923008.png
1764757981539180800,01764757981539180800.png
1764757981603238656,01764757981603238656.png
1764757981666893056,01764757981666893056.png
1764757981731445504,01764757981731445504.png
1764757981795480576,01764757981795480576.png
1764757981858910720,01764757981858910720.png
1764757981922863104,01764757981922863104.png
1764757981987315456,01764757981987315456.png
1764757982052509952,01764757982052509952.png
1764757982117164544,01764757982117164544.png
1764757982181509888,01764757982181509888.png
1764757982245683456,01764757982245683456.png
1764757982310877440,01764757982310877440.png
1764757982375731968,01764757982375731968.png
1764757982441791488,01764757982441791488.png
1764757982507212544,01764757982507212544.png
1764757982573331200,01764757982573331200.png
1764757982638105088,01764757982638105088.png
1764757982704009728,01764757982704009728.png
1764757982769910528,01764757982769910528.png
1764757982835902208,01764757982835902208.png
1764757982901656064,01764757982901656064.png
1764757982968143104,01764757982968143104.png
1764757983034119168,01764757983034119168.png
1764757983101302784,01764757983101302784.png
1764757983169291008,01764757983169291008.png
1764757983234935040,01764757983234935040.png
1764757983300857088,01764757983300857088.png
1764757983367838976,01764757983367838976.png
1764757983434516224,01764757983434516224.png
1764757983508751360,01764757983508751360.png
1764757983575423488,01764757983575423488.png
1764757983641044992,01764757983641044992.png
1764757983706305536,01764757983706305536.png
1764757983771294976,01764757983771294976.png
1764757983835099904,01764757983835099904.png
1764757983898108672,01764757983898108672.png
1764757983962921472,01764757983962921472.png
1764757984026182400,01764757984026182400.png
1764757984090639872,01764757984090639872.png
1764757984153718528,01764757984153718528.png
1764757984216390144,01764757984216390144.png
1764757984278809600,01764757984278809600.png
1764757984341651200,01764757984341651200.png
1764757984404304384,01764757984404304384.png
1764757984466699520,01764757984466699520.png
1764757984529549312,01764757984529549312.png
1764757984591959296,01764757984591959296.png
1764757984654721536,01764757984654721536.png
1764757984718433536,01764757984718433536.png
1764757984781082368,01764757984781082368.png
1764757984843554304,01764757984843554304.png
1764757984905720064,01764757984905720064.png
1764757984968323840,01764757984968323840.png
1764757985031475968,01764757985031475968.png
1764757985093723904,01764757985093723904.png
1764757985155323392,01764757985155323392.png
1764757985217146368,01764757985217146368.png
1764757985279441408,01764757985279441408.png
1764757985341092608,01764757985341092608.png
1764757985402252544,01764757985402252544.png
1764757985464452352,01764757985464452352.png
1764757985526125056,01764757985526125056.png
1764757985588145664,01764757985588145664.png
1764757985650007552,01764757985650007552.png
1764757985711897856,01764757985711897856.png
1764757985775845888,01764757985775845888.png
1764757985839195904,01764757985839195904.png
1764757985900731136,01764757985900731136.png
1764757985962474752,01764757985962474752.png
1764757986024017152,01764757986024017152.png
1764757986085730560,01764757986085730560.png
1764757986147758080,01764757986147758080.png
1764757986210573568,01764757986210573568.png
1764757986274224384,01764757986274224384.png
1764757986336745216,01764757986336745216.png
1764757986399010048,01764757986399010048.png
1764757986460293376,01764757986460293376.png
1764757986522337792,01764757986522337792.png
1764757986584204800,01764757986584204800.png
1764757986646373120,01764757986646373120.png
1764757986708237056,01764757986708237056.png
1764757986770511872,01764757986770511872.png
1764757986833411072,01764757986833411072.png
1764757986895273216,01764757986895273216.png
1764757986957325056,01764757986957325056.png
1764757987019525632,01764757987019525632.png
1764757987082260992,01764757987082260992.png
1764757987145008896,01764757987145008896.png
1764757987208892928,01764757987208892928.png
1764757987271374592,01764757987271374592.png
1764757987334698752,01764757987334698752.png
1764757987398412544,01764757987398412544.png
1764757987462182656,01764757987462182656.png
1764757987526080512,01764757987526080512.png
1764757987589505024,01764757987589505024.png
1764757987653739264,01764757987653739264.png
1764757987718408448,01764757987718408448.png
1764757987782563840,01764757987782563840.png
1764757987846628608,01764757987846628608.png
1764757987909928704,01764757987909928704.png
1764757987973314816,01764757987973314816.png
1764757988036978432,01764757988036978432.png
1764757988100358656,01764757988100358656.png
1764757988164005888,01764757988164005888.png
1764757988227465984,01764757988227465984.png
1764757988291736320,01764757988291736320.png
1764757988354888448,01764757988354888448.png
1764757988418715136,01764757988418715136.png
1764757988481857536,01764757988481857536.png
1764757988545003776,01764757988545003776.png
1764757988608540416,01764757988608540416.png
1764757988672223488,01764757988672223488.png
1764757988736525056,01764757988736525056.png
1764757988800123392,01764757988800123392.png
1764757988864038400,01764757988864038400.png
1764757988927401216,01764757988927401216.png
1764757988991646976,01764757988991646976.png
1764757989055836672,01764757989055836672.png
1764757989119587840,01764757989119587840.png
1764757989182262528,01764757989182262528.png
1764757989244293632,01764757989244293632.png
1764757989307697152,01764757989307697152.png
1764757989370529280,01764757989370529280.png
1764757989433907200,01764757989433907200.png
1764757989498288384,01764757989498288384.png
1764757989563157760,01764757989563157760.png
1764757989627804160,01764757989627804160.png
1764757989691986432,01764757989691986432.png
1764757989756446720,01764757989756446720.png
1764757989821906688,01764757989821906688.png
1764757989886516992,01764757989886516992.png
1764757989951492096,01764757989951492096.png
1764757990016889856,01764757990016889856.png
1764757990083722496,01764757990083722496.png
1764757990151687680,01764757990151687680.png
1764757990216924928,01764757990216924928.png
1764757990282462208,01764757990282462208.png
1764757990347568896,01764757990347568896.png
1764757990414188032,01764757990414188032.png
1764757990480654336,01764757990480654336.png
1764757990545232384,01764757990545232384.png
1764757990609804800,01764757990609804800.png
1764757990673812480,01764757990673812480.png
1764757990739949056,01764757990739949056.png
1764757990803460096,01764757990803460096.png
1764757990867091200,01764757990867091200.png
1764757990929588992,01764757990929588992.png
1764757990992310272,01764757990992310272.png
1764757991055444736,01764757991055444736.png
1764757991119860224,01764757991119860224.png
1764757991183765760,01764757991183765760.png
1764757991245250816,01764757991245250816.png
1764757991306632960,01764757991306632960.png
1764757991368446720,01764757991368446720.png
1764757991431597312,01764757991431597312.png
1764757991494748160,01764757991494748160.png
1764757991557957376,01764757991557957376.png
1764757991620785408,01764757991620785408.png
1764757991684801536,01764757991684801536.png
1764757991751144448,01764757991751144448.png
1764757991817493760,01764757991817493760.png
1764757991884436480,01764757991884436480.png
1764757991949491712,01764757991949491712.png
1764757992013775104,01764757992013775104.png
1764757992078336256,01764757992078336256.png
1764757992144054272,01764757992144054272.png
1764757992208517632,01764757992208517632.png
1764757992272423680,01764757992272423680.png
1764757992335556608,01764757992335556608.png
1764757992398051840,01764757992398051840.png
1764757992461170432,01764757992461170432.png
1764757992524295168,01764757992524295168.png
1764757992587958528,01764757992587958528.png
1764757992651240448,01764757992651240448.png
1764757992714855680,01764757992714855680.png
1764757992780892672,01764757992780892672.png
1764757992844077568,01764757992844077568.png
1764757992907867392,01764757992907867392.png
1764757992971096832,01764757992971096832.png
1764757993034391808,01764757993034391808.png
1764757993099646208,01764757993099646208.png
1764757993163900416,01764757993163900416.png
1764757993227822080,01764757993227822080.png
1764757993292147200,01764757993292147200.png
1764757993358246400,01764757993358246400.png
1764757993423372032,01764757993423372032.png
1764757993489507840,01764757993489507840.png
1764757993554740480,01764757993554740480.png
1764757993620958208,01764757993620958208.png
1764757993686157568,01764757993686157568.png
1764757993751456512,01764757993751456512.png
1764757993817524992,01764757993817524992.png
1764757993886898176,01764757993886898176.png
1764757993952421120,01764757993952421120.png
1764757994018873344,01764757994018873344.png
1764757994083943936,01764757994083943936.png
1764757994149159936,01764757994149159936.png
1764757994215247104,01764757994215247104.png
1764757994280401920,01764757994280401920.png
1764757994345000448,01764757994345000448.png
1764757994410745088,01764757994410745088.png
1764757994475311616,01764757994475311616.png
1764757994542234368,01764757994542234368.png
1764757994607483904,01764757994607483904.png
1764757994672459776,01764757994672459776.png
1764757994736866560,01764757994736866560.png
1764757994801746944,01764757994801746944.png
1764757994867712256,01764757994867712256.png
1764757994933961216,01764757994933961216.png
1764757994999125248,01764757994999125248.png
1764757995064197120,01764757995064197120.png
1764757995131079168,01764757995131079168.png
1764757995196790784,01764757995196790784.png
1764757995262320640,01764757995262320640.png
1764757995326791936,01764757995326791936.png
1764757995392039168,01764757995392039168.png
1764757995456620800,01764757995456620800.png
1764757995521220608,01764757995521220608.png
1764757995586022912,01764757995586022912.png
1764757995651167232,01764757995651167232.png
1764757995715371008,01764757995715371008.png
1764757995779384576,01764757995779384576.png
1764757995843223808,01764757995843223808.png
1764757995907514624,01764757995907514624.png
1764757995972296448,01764757995972296448.png
1764757996036689152,01764757996036689152.png
1764757996101091584,01764757996101091584.png
1764757996165672192,01764757996165672192.png
1764757996230847232,01764757996230847232.png
1764757996296481280,01764757996296481280.png
1764757996361864960,01764757996361864960.png
1764757996427408128,01764757996427408128.png
1764757996492676608,01764757996492676608.png
1764757996557452800,01764757996557452800.png
1764757996622169856,01764757996622169856.png
1764757996687037952,01764757996687037952.png
1764757996751977216,01764757996751977216.png
1764757996816205312,01764757996816205312.png
1764757996880467968,01764757996880467968.png
1764757996944749056,01764757996944749056.png
1764757997009181952,01764757997009181952.png
1764757997074905856,01764757997074905856.png
1764757997139966464,01764757997139966464.png
1764757997204739328,01764757997204739328.png
1764757997269190912,01764757997269190912.png
1764757997336774144,01764757997336774144.png
1764757997401008640,01764757997401008640.png
1764757997465347328,01764757997465347328.png
1764757997529457152,01764757997529457152.png
1764757997594312960,01764757997594312960.png
1764757997659139328,01764757997659139328.png
1764757997723906816,01764757997723906816.png
1764757997789383424,01764757997789383424.png
1764757997854699520,01764757997854699520.png
1764757997919611648,01764757997919611648.png
1764757997984241152,01764757997984241152.png
1764757998048387072,01764757998048387072.png
1764757998113096704,01764757998113096704.png
1764757998178958848,01764757998178958848.png
1764757998243239424,01764757998243239424.png
1764757998308406784,01764757998308406784.png
1764757998372641280,01764757998372641280.png
1764757998437179392,01764757998437179392.png
1764757998502053888,01764757998502053888.png
1764757998566140160,01764757998566140160.png
1764757998629625344,01764757998629625344.png
1764757998693393664,01764757998693393664.png
1764757998756754176,01764757998756754176.png
1764757998821145856,01764757998821145856.png
1764757998885362944,01764757998885362944.png
1764757998949173248,01764757998949173248.png
1764757999012621056,01764757999012621056.png
1764757999075325696,01764757999075325696.png
1764757999138571264,01764757999138571264.png
1764757999203312896,01764757999203312896.png
1764757999267156736,01764757999267156736.png
1764757999330600704,01764757999330600704.png
1764757999394582016,01764757999394582016.png
1764757999458397440,01764757999458397440.png
1764757999521903616,01764757999521903616.png
1764757999584880128,01764757999584880128.png
1764757999648569344,01764757999648569344.png
1764757999712048896,01764757999712048896.png
1764757999775492352,01764757999775492352.png
1764757999838927360,01764757999838927360.png
1764757999902272000,01764757999902272000.png
1764757999965994496,01764757999965994496.png
1764758000029857792,01764758000029857792.png
1764758000093586176,01764758000093586176.png
1764758000158756608,01764758000158756608.png
1764758000223362816,01764758000223362816.png
1764758000288536320,01764758000288536320.png
1764758000352872448,01764758000352872448.png
1764758000417262848,01764758000417262848.png
1764758000482567680,01764758000482567680.png
1764758000547249152,01764758000547249152.png
1764758000611716864,01764758000611716864.png
1764758000675088384,01764758000675088384.png
1764758000738556160,01764758000738556160.png
1764758000801635584,01764758000801635584.png
1764758000865164544,01764758000865164544.png
1764758000928380672,01764758000928380672.png
1764758000992086784,01764758000992086784.png
1764758001055551744,01764758001055551744.png
1764758001119877888,01764758001119877888.png
1764758001183325952,01764758001183325952.png
1764758001247203584,01764758001247203584.png
1764758001310682368,01764758001310682368.png
1764758001374537984,01764758001374537984.png
1764758001438158848,01764758001438158848.png
1764758001502977792,01764758001502977792.png
1764758001566357248,01764758001566357248.png
1764758001629597952,01764758001629597952.png
1764758001693348608,01764758001693348608.png
1764758001756955904,01764758001756955904.png
1764758001819994880,01764758001819994880.png
1764758001883288832,01764758001883288832.png
1764758001946948864,01764758001946948864.png
1764758002009614080,01764758002009614080.png
1764758002072477184,01764758002072477184.png
1764758002135767296,01764758002135767296.png
1764758002197614592,01764758002197614592.png
1764758002259132160,01764758002259132160.png
1764758002321502208,01764758002321502208.png
1764758002383301376,01764758002383301376.png
1764758002444885504,01764758002444885504.png
1764758002506789120,01764758002506789120.png
1764758002567910912,01764758002567910912.png
1764758002629009152,01764758002629009152.png
1764758002690121728,01764758002690121728.png
1764758002751570432,01764758002751570432.png
1764758002812010752,01764758002812010752.png
1764758002872427776,01764758002872427776.png
1764758002933437952,01764758002933437952.png
1764758002994791936,01764758002994791936.png
1764758003056301056,01764758003056301056.png
1764758003118609664,01764758003118609664.png
1764758003183325952,01764758003183325952.png
1764758003247785216,01764758003247785216.png
1764758003311215872,01764758003311215872.png
1764758003374447360,01764758003374447360.png
1764758003437424896,01764758003437424896.png
1764758003499654400,01764758003499654400.png
1764758003561867008,01764758003561867008.png
1764758003624168704,01764758003624168704.png
1764758003685308160,01764758003685308160.png
1764758003746317056,01764758003746317056.png
1764758003806758912,01764758003806758912.png
1764758003867049216,01764758003867049216.png
1764758003927555840,01764758003927555840.png
1764758003988288000,01764758003988288000.png
1764758004049059328,01764758004049059328.png
1764758004110104832,01764758004110104832.png
1764758004170892288,01764758004170892288.png
1764758004231009280,01764758004231009280.png
1764758004291051520,01764758004291051520.png
1764758004350738176,01764758004350738176.png
1764758004409878528,01764758004409878528.png
1764758004469007104,01764758004469007104.png
1764758004530387968,01764758004530387968.png
1764758004591061760,01764758004591061760.png
1764758004652477440,01764758004652477440.png
1764758004714214912,01764758004714214912.png
1764758004776791808,01764758004776791808.png
1764758004839475200,01764758004839475200.png
1764758004901447936,01764758004901447936.png
1764758004963143424,01764758004963143424.png
1764758005024876032,01764758005024876032.png
1764758005086315008,01764758005086315008.png
1764758005148791040,01764758005148791040.png
1764758005211570944,01764758005211570944.png
1764758005274740224,01764758005274740224.png
1764758005338585856,01764758005338585856.png
1764758005401012480,01764758005401012480.png
1764758005464468736,01764758005464468736.png
1764758005528996864,01764758005528996864.png
1764758005591079168,01764758005591079168.png
1764758005654089728,01764758005654089728.png
1764758005719177984,01764758005719177984.png
1764758005781660160,01764758005781660160.png
1764758005843835904,01764758005843835904.png
1764758005907417600,01764758005907417600.png
1764758005970231808,01764758005970231808.png
1764758006034078720,01764758006034078720.png
1764758006096599296,01764758006096599296.png
1764758006159314688,01764758006159314688.png
1764758006222335488,01764758006222335488.png
1764758006285140992,01764758006285140992.png
1764758006348112640,01764758006348112640.png
1764758006411182080,01764758006411182080.png
1764758006472732928,01764758006472732928.png
1764758006534718208,01764758006534718208.png
1764758006596189696,01764758006596189696.png
1764758006658177024,01764758006658177024.png
1764758006721204480,01764758006721204480.png
1764758006782868992,01764758006782868992.png
1764758006845432832,01764758006845432832.png
1764758006907362560,01764758006907362560.png
1764758006970497024,01764758006970497024.png
1764758007041494528,01764758007041494528.png
1764758007104239360,01764758007104239360.png
1764758007166501120,01764758007166501120.png
1764758007227840512,01764758007227840512.png
1764758007289539840,01764758007289539840.png
1764758007351404544,01764758007351404544.png
1764758007412685568,01764758007412685568.png
1764758007474757888,01764758007474757888.png
1764758007537599744,01764758007537599744.png
1764758007599139328,01764758007599139328.png
1764758007661309696,01764758007661309696.png
1764758007723602944,01764758007723602944.png
1764758007785187840,01764758007785187840.png
1764758007846738688,01764758007846738688.png
1764758007908923648,01764758007908923648.png
1764758007971403520,01764758007971403520.png
1764758008033354496,01764758008033354496.png
1764758008095706624,01764758008095706624.png
1764758008158569984,01764758008158569984.png
1764758008222100736,01764758008222100736.png
1764758008284187136,01764758008284187136.png
1764758008347153920,01764758008347153920.png
1764758008411200256,01764758008411200256.png
1764758008473179136,01764758008473179136.png
1764758008535425024,01764758008535425024.png
1764758008598749184,01764758008598749184.png
1764758008660954112,01764758008660954112.png
1764758008723028736,01764758008723028736.png
1764758008787460352,01764758008787460352.png
1764758008850309888,01764758008850309888.png
1764758008912741632,01764758008912741632.png
1764758008975005440,01764758008975005440.png
1764758009038211584,01764758009038211584.png
1764758009100966656,01764758009100966656.png
1764758009164277504,01764758009164277504.png
1764758009227982592,01764758009227982592.png
1764758009291622400,01764758009291622400.png
1764758009356230144,01764758009356230144.png
1764758009419905280,01764758009419905280.png
1764758009483585280,01764758009483585280.png
1764758009548532224,01764758009548532224.png
1764758009611407872,01764758009611407872.png
1764758009674928128,01764758009674928128.png
1764758009738214912,01764758009738214912.png
1764758009802702080,01764758009802702080.png
1764758009866765824,01764758009866765824.png
1764758009931096576,01764758009931096576.png
1764758009995876352,01764758009995876352.png
1764758010059813888,01764758010059813888.png
1764758010124322560,01764758010124322560.png
1764758010188649984,01764758010188649984.png
1764758010252988672,01764758010252988672.png
1764758010320652032,01764758010320652032.png
1764758010385204224,01764758010385204224.png
1764758010450042368,01764758010450042368.png
1764758010514010880,01764758010514010880.png
1764758010578542336,01764758010578542336.png
1764758010643123968,01764758010643123968.png
1764758010707910144,01764758010707910144.png
1764758010772740864,01764758010772740864.png
1764758010838274048,01764758010838274048.png
1764758010904192768,01764758010904192768.png
1764758010968267520,01764758010968267520.png
1764758011031725312,01764758011031725312.png
1764758011095822336,01764758011095822336.png
1764758011158781696,01764758011158781696.png
1764758011221436416,01764758011221436416.png
1764758011283913216,01764758011283913216.png
1764758011348103424,01764758011348103424.png
1764758011412488192,01764758011412488192.png
1764758011475424256,01764758011475424256.png
1764758011537923072,01764758011537923072.png
1764758011600349696,01764758011600349696.png
1764758011664475904,01764758011664475904.png
1764758011727480576,01764758011727480576.png
1764758011790260480,01764758011790260480.png
1764758011853167360,01764758011853167360.png
1764758011917058560,01764758011917058560.png
1764758011980029696,01764758011980029696.png
1764758012043128320,01764758012043128320.png
1764758012106231552,01764758012106231552.png
1764758012168504320,01764758012168504320.png
1764758012229867776,01764758012229867776.png
1764758012291258112,01764758012291258112.png
1764758012353221120,01764758012353221120.png
1764758012415259136,01764758012415259136.png
1764758012477607680,01764758012477607680.png
1764758012539331584,01764758012539331584.png
1764758012601398016,01764758012601398016.png
1764758012664541440,01764758012664541440.png
1764758012727602944,01764758012727602944.png
1764758012790138880,01764758012790138880.png
1764758012854053888,01764758012854053888.png
1764758012917508608,01764758012917508608.png
1764758012979105024,01764758012979105024.png
1764758013041674752,01764758013041674752.png
1764758013103275008,01764758013103275008.png
1764758013175621120,01764758013175621120.png
1764758013238737152,01764758013238737152.png
1764758013301996544,01764758013301996544.png
1764758013365380608,01764758013365380608.png
1764758013429197056,01764758013429197056.png
1764758013493273344,01764758013493273344.png
1764758013557392128,01764758013557392128.png
1764758013621858048,01764758013621858048.png
1764758013685659904,01764758013685659904.png
1764758013750250496,01764758013750250496.png
1764758013814120448,01764758013814120448.png
1764758013879578112,01764758013879578112.png
1764758013946069248,01764758013946069248.png
1764758014009141248,01764758014009141248.png
1764758014072446208,01764758014072446208.png
1764758014137615360,01764758014137615360.png
1764758014201061120,01764758014201061120.png
1764758014264777216,01764758014264777216.png
1764758014329129472,01764758014329129472.png
1764758014393005568,01764758014393005568.png
1764758014456973568,01764758014456973568.png
1764758014520348672,01764758014520348672.png
1764758014583874816,01764758014583874816.png
1764758014647262720,01764758014647262720.png
1764758014710778880,01764758014710778880.png
1764758014775159552,01764758014775159552.png
1764758014838915584,01764758014838915584.png
1764758014902221568,01764758014902221568.png
1764758014965356544,01764758014965356544.png
1764758015027982336,01764758015027982336.png
1764758015090251264,01764758015090251264.png
1764758015153246464,01764758015153246464.png
1764758015216329984,01764758015216329984.png
1764758015279196160,01764758015279196160.png
1764758015341051392,01764758015341051392.png
1764758015403009024,01764758015403009024.png
1764758015465878528,01764758015465878528.png
1764758015528577536,01764758015528577536.png
1764758015590367232,01764758015590367232.png
1764758015653219584,01764758015653219584.png
1764758015715063296,01764758015715063296.png
1764758015779004416,01764758015779004416.png
1764758015841432832,01764758015841432832.png
1764758015902867200,01764758015902867200.png
1764758015964986880,01764758015964986880.png
1764758016026185728,01764758016026185728.png
1764758016088614656,01764758016088614656.png
1764758016151010304,01764758016151010304.png
1764758016214507008,01764758016214507008.png
1764758016276788224,01764758016276788224.png
1764758016339232512,01764758016339232512.png
1764758016402831360,01764758016402831360.png
1764758016465228032,01764758016465228032.png
1764758016527790592,01764758016527790592.png
1764758016590641152,01764758016590641152.png
1764758016653420288,01764758016653420288.png
1764758016716117760,01764758016716117760.png
1764758016780021248,01764758016780021248.png
1764758016843267328,01764758016843267328.png
1764758016905924608,01764758016905924608.png
1764758016968307712,01764758016968307712.png
1764758017030874112,01764758017030874112.png
1764758017093526016,01764758017093526016.png
1764758017156171008,01764758017156171008.png
1764758017219504640,01764758017219504640.png
1764758017282614784,01764758017282614784.png
1764758017344918272,01764758017344918272.png
1764758017408033536,01764758017408033536.png
1764758017471831296,01764758017471831296.png
1764758017537175040,01764758017537175040.png
1764758017601823488,01764758017601823488.png
1764758017667044864,01764758017667044864.png
1764758017730103808,01764758017730103808.png
1764758017793946368,01764758017793946368.png
1764758017858080512,01764758017858080512.png
1764758017922156544,01764758017922156544.png
1764758017986952704,01764758017986952704.png
1764758018050817536,01764758018050817536.png
1764758018114868480,01764758018114868480.png
1764758018187410432,01764758018187410432.png
1764758018251778304,01764758018251778304.png
1764758018316194560,01764758018316194560.png
1764758018381794048,01764758018381794048.png
1764758018444341504,01764758018444341504.png
1764758018507563008,01764758018507563008.png
1764758018570892288,01764758018570892288.png
1764758018635595264,01764758018635595264.png
1764758018698693888,01764758018698693888.png
1764758018761979648,01764758018761979648.png
1764758018823897856,01764758018823897856.png
1764758018886179328,01764758018886179328.png
1764758018949259776,01764758018949259776.png
1764758019012207360,01764758019012207360.png
1764758019074813440,01764758019074813440.png
1764758019138483456,01764758019138483456.png
1764758019202564864,01764758019202564864.png
1764758019266690560,01764758019266690560.png
1764758019330750464,01764758019330750464.png
1764758019396406528,01764758019396406528.png
1764758019462207488,01764758019462207488.png
1764758019527344896,01764758019527344896.png
1764758019592161280,01764758019592161280.png
1764758019657606656,01764758019657606656.png
1764758019722819584,01764758019722819584.png
1764758019787422720,01764758019787422720.png
1764758019852517376,01764758019852517376.png
1764758019917390592,01764758019917390592.png
1764758019982982144,01764758019982982144.png
1764758020047368192,01764758020047368192.png
1764758020112416256,01764758020112416256.png
1764758020177558528,01764758020177558528.png
1764758020242871552,01764758020242871552.png
1764758020308256768,01764758020308256768.png
1764758020373690880,01764758020373690880.png
1764758020439117312,01764758020439117312.png
1764758020504854016,01764758020504854016.png
1764758020570092288,01764758020570092288.png
1764758020637500672,01764758020637500672.png
1764758020702992384,01764758020702992384.png
1764758020768277504,01764758020768277504.png
1764758020833207296,01764758020833207296.png
1764758020898139904,01764758020898139904.png
1764758020963450624,01764758020963450624.png
1764758021029084416,01764758021029084416.png
1764758021093977856,01764758021093977856.png
1764758021159432704,01764758021159432704.png
1764758021225194752,01764758021225194752.png
1764758021290585088,01764758021290585088.png
1764758021355282432,01764758021355282432.png
1764758021419975424,01764758021419975424.png
1764758021485531392,01764758021485531392.png
1764758021551305472,01764758021551305472.png
1764758021617904128,01764758021617904128.png
1764758021684820992,01764758021684820992.png
1764758021750628096,01764758021750628096.png
1764758021816177152,01764758021816177152.png
1764758021881934848,01764758021881934848.png
